line,c1x,side,n,cons_scale,cons_med,bad_tx
L22,-640,1,1653,0.022965,0.028481,True
L22,-473,1,1653,0.0088722,0.01193,True
L22,-320,1,1650,0.0077053,0.014032,True
L22,-160,1,1653,0.025648,0.041659,True
L22,-20,1,1596,0.0020981,0.0029731,False
L22,60,1,1540,0.0013942,0.0018678,False
L22,140,-1,6,7.0452e-06,5.0938e-06,False
L22,140,1,1431,0.0014868,0.0014826,False
L22,220,-1,15,1.1842e-05,1.1787e-05,False
L22,220,1,1326,0.0007639,0.0011875,False
L22,300,-1,21,6.2586e-06,1.2861e-05,False
L22,300,1,1225,0.0013195,0.0021873,False
L22,380,-1,36,2.4675e-05,3.3063e-05,False
L22,380,1,1081,0.00062527,0.0014147,False
L22,460,-1,55,4.3592e-06,5.776e-06,False
L22,460,1,1035,0.00060129,0.00078161,False
L22,540,-1,91,0.0004853,0.00016394,False
L22,540,1,946,0.00083486,0.0008553,False
L22,620,-1,120,4.7376e-06,3.9405e-06,False
L22,620,1,861,0.00043541,0.00087958,False
L22,700,-1,153,5.936e-06,5.7968e-06,False
L22,700,1,667,0.00011333,0.00022663,False
L22,740,-1,153,4e-06,4.276e-06,False
L22,740,1,703,0.00017743,0.0002003,False
L22,780,-1,123,5.8993e-06,4.1157e-06,False
L22,780,1,703,0.00026537,0.00019262,False
L22,820,-1,190,1.8151e-05,2.5137e-05,False
L22,820,1,630,0.00020738,0.0007509,False
L22,860,-1,90,3.6449e-06,2.8974e-06,False
L22,860,1,499,0.00033032,0.00085138,False
L22,900,-1,111,1.4803e-06,9.3379e-07,False
L22,900,1,468,7.6646e-05,0.0001247,False
L22,940,-1,253,2.2588e-05,1.5883e-05,False
L22,940,1,528,5.9653e-05,8.2113e-05,False
L22,980,-1,276,1.2378e-05,1.2448e-05,False
L22,980,1,496,8.1663e-05,0.00011707,False
L22,1020,-1,300,3.7891e-05,3.1571e-05,False
L22,1020,1,465,0.00034629,0.00034458,False
L22,1060,-1,325,7.1848e-05,7.9296e-05,False
L22,1060,1,435,8.7068e-05,0.00016319,False
L22,1100,-1,325,2.6391e-05,2.6397e-05,False
L22,1100,1,406,7.7562e-05,0.00014073,False
L22,1140,-1,378,6.9444e-05,7.5739e-05,False
L22,1140,1,378,4.403e-05,3.2309e-05,False
L22,1180,-1,406,4.6567e-05,4.8878e-05,False
L22,1180,1,351,2.4197e-05,3.8845e-05,False
L22,1220,-1,435,3.8116e-05,2.8865e-05,False
L22,1220,1,325,2.3129e-05,2.6982e-05,False
L22,1260,-1,465,4.6927e-05,4.3491e-05,False
L22,1260,1,300,4.421e-05,6.5799e-05,False
L22,1300,-1,528,0.00020458,0.00020067,False
L22,1300,1,300,4.9958e-05,0.00012295,False
L22,1340,-1,528,3.8814e-05,2.8246e-05,False
L22,1340,1,253,4.3081e-05,4.6729e-05,False
L22,1380,-1,561,0.00012732,0.00011355,False
L22,1380,1,231,4.5628e-05,8.6603e-05,False
L22,1420,-1,321,2.4301e-05,1.8324e-05,False
L22,1420,1,112,2.6832e-05,1.7109e-05,False
L22,1460,-1,396,9.299e-05,7.1647e-05,False
L22,1460,1,210,0.00046833,0.0006825,False
L22,1500,-1,666,9.2189e-05,8.6247e-05,False
L22,1500,1,171,1.6084e-05,1.1919e-05,False
L22,1540,-1,741,0.00016349,6.86e-05,False
L22,1540,1,171,1.8927e-05,1.7985e-05,False
L22,1580,-1,780,8.8248e-05,7.4997e-05,False
L22,1580,1,153,3.7926e-05,2.4598e-05,False
L22,1620,-1,780,0.00062346,0.0012159,False
L22,1620,1,92,6.7987e-05,0.00015816,False
L22,1660,-1,820,0.0002214,0.00031423,False
L22,1660,1,91,1.8459e-05,1.2356e-05,False
L22,1700,-1,861,0.00027492,0.00037999,False
L22,1700,1,91,2.623e-05,2.1436e-05,False
L22,1780,-1,990,0.00041347,0.00046204,False
L22,1780,1,78,0.00011203,0.00010418,False
L22,1860,-1,1035,0.00062275,0.0011253,False
L22,1860,1,36,4.1435e-05,6.1383e-05,False
L22,1940,-1,1128,0.0015876,0.0014385,False
L22,1940,1,28,5.0518e-06,6.6876e-06,False
L22,2018,-1,1275,0.0030448,0.0025128,False
L22,2018,1,21,4.0998e-06,3.0482e-06,False
L22,2100,-1,1378,0.003671,0.0074028,False
L22,2100,1,10,2.3246e-05,1.7598e-05,False
L22,2180,-1,1431,0.003826,0.0043375,False
L22,2260,-1,1540,0.0049519,0.0060409,False
L22,2335,-1,1653,0.0068288,0.011374,True
L22,2411,-1,1653,0.0079882,0.0089186,False
L22,2585,-1,1653,0.0081366,0.0084621,False
L22,2747,-1,1653,0.012084,0.0098391,False
L22,2900,-1,1653,0.023125,0.027246,True
L22,3060,-1,1653,0.024677,0.038594,True
L24,-640,1,1830,0.00033455,0.0001656,False
L24,-480,1,1830,0.00011293,2.5532e-05,False
L24,-320,1,1830,0.00015256,7.8239e-05,False
L24,-160,1,1830,9.1238e-05,2.449e-05,False
L24,-20,1,1830,2.4904e-05,1.1124e-05,False
L24,60,1,1711,4.8166e-05,5.5731e-05,False
L24,140,-1,6,1.8426e-06,1.9156e-06,False
L24,140,1,1596,2.3468e-05,9.5022e-06,False
L24,220,-1,15,3.0593e-06,1.7375e-06,False
L24,220,1,1485,0.00013279,6.7769e-05,False
L24,300,-1,28,3.5604e-06,7.3497e-07,False
L24,300,1,1378,2.2157e-05,9.416e-06,False
L24,380,-1,36,6.5677e-06,1.2617e-05,False
L24,380,1,1225,0.00031846,0.00081843,False
L24,466,-1,66,1.5353e-05,1.3123e-05,False
L24,466,1,1176,9.5607e-05,0.00015057,False
L24,540,-1,91,0.00020933,0.00023438,False
L24,540,1,1035,9.9019e-05,0.00022568,False
L24,620,-1,120,1.5822e-05,1.2712e-05,False
L24,620,1,946,0.00030138,0.00045802,False
L24,700,-1,153,1.3381e-05,8.9908e-06,False
L24,700,1,903,9.7875e-05,9.1471e-05,False
L24,740,-1,153,1.5982e-05,1.0363e-05,False
L24,740,1,820,6.5821e-05,0.00019304,False
L24,780,-1,171,2.5129e-05,1.8664e-05,False
L24,780,1,780,8.6025e-05,0.00017052,False
L24,820,-1,210,2.4752e-05,1.7257e-05,False
L24,820,1,780,9.1178e-05,0.00011055,False
L24,865,-1,231,2.8819e-05,2.3285e-05,False
L24,865,1,741,4.148e-05,3.9415e-05,False
L24,900,-1,231,1.5511e-05,9.3016e-06,False
L24,900,1,666,4.0105e-05,3.8385e-05,False
L24,940,-1,253,1.7932e-05,1.168e-05,False
L24,940,1,630,8.261e-05,0.00012854,False
L24,980,-1,276,1.7813e-05,1.3174e-05,False
L24,980,1,421,4.2679e-05,4.4174e-05,False
L24,1020,-1,300,1.6539e-05,1.278e-05,False
L24,1020,1,561,3.5678e-05,3.0603e-05,False
L24,1060,-1,325,1.6455e-05,1.2713e-05,False
L24,1060,1,528,0.00013189,0.00021149,False
L24,1100,-1,378,4.5764e-05,4.0982e-05,False
L24,1100,1,528,0.00014701,0.00020567,False
L24,1140,-1,246,2.4614e-05,1.8237e-05,False
L24,1140,1,357,4.0499e-05,3.9708e-05,False
L24,1180,-1,435,2.0505e-05,1.4205e-05,False
L24,1180,1,465,2.4809e-05,2.6226e-05,False
L24,1220,-1,465,2.761e-05,2.1183e-05,False
L24,1220,1,435,0.00017087,0.00025251,False
L24,1260,-1,465,0.00012755,9.1879e-05,False
L24,1260,1,378,0.0001146,0.00030785,False
L24,1300,-1,528,4.8099e-05,4.1585e-05,False
L24,1300,1,378,4.2111e-05,3.6741e-05,False
L24,1339,-1,528,2.1915e-05,1.51e-05,False
L24,1339,1,325,2.143e-05,1.7805e-05,False
L24,1380,-1,528,2.8603e-05,1.8847e-05,False
L24,1380,1,300,1.993e-05,1.1453e-05,False
L24,1420,-1,595,3.8225e-05,2.4539e-05,False
L24,1420,1,164,2.8286e-05,1.5896e-05,False
L24,1460,-1,630,5.4219e-05,4.9013e-05,False
L24,1460,1,253,3.0471e-05,4.7631e-05,False
L24,1500,-1,703,0.00032595,0.00043446,False
L24,1500,1,253,5.1726e-05,0.0001266,False
L24,1540,-1,543,9.8667e-05,8.7696e-05,False
L24,1540,1,135,6.9528e-05,5.7324e-05,False
L24,1580,-1,741,4.631e-05,3.7204e-05,False
L24,1580,1,190,2.917e-05,2.2779e-05,False
L24,1620,-1,780,3.4497e-05,2.3437e-05,False
L24,1620,1,153,2.111e-05,1.4024e-05,False
L24,1660,-1,861,0.000171,0.0002258,False
L24,1660,1,171,2.9575e-05,1.9286e-05,False
L24,1699,-1,821,9.7977e-05,0.00011266,False
L24,1699,1,153,3.237e-05,2.1029e-05,False
L24,1782,-1,990,0.00013924,0.00016429,False
L24,1782,1,105,3.4806e-05,2.1706e-05,False
L24,1860,-1,1081,0.00086042,0.00064974,False
L24,1860,1,91,2.5114e-05,1.8414e-05,False
L24,1942,-1,1081,0.00065236,0.00049436,False
L24,1942,1,55,8.3858e-06,8.2685e-06,False
L24,2022,-1,1275,0.00053177,2.638e-05,False
L24,2022,1,36,8.4497e-06,3.04e-06,False
L24,2100,-1,1378,0.00074087,4.3665e-05,False
L24,2100,1,28,1.4329e-05,7.2366e-06,False
L24,2180,-1,1431,0.00080109,5.3361e-05,False
L24,2180,1,10,4.9476e-06,2.9627e-06,False
L24,2261,-1,1596,0.0017905,0.0001448,False
L24,2261,1,6,3.1982e-07,2.7874e-07,False
L24,2340,-1,1653,0.0014007,0.00013788,False
L24,2420,-1,1770,0.0018045,0.00018437,False
L24,2577,-1,1830,0.0019197,0.00029949,False
L24,2783,-1,1830,0.0015522,0.00027442,False
L24,2900,-1,1830,0.0014574,0.00025261,False
L24,3030,-1,1830,0.0025033,0.0010437,False
L26,-640,1,1213,0.00058509,5.4024e-05,False
L26,-480,1,1213,0.00040042,4.5391e-05,False
L26,-320,1,1213,0.00015487,2.6735e-05,False
L26,-185,1,1213,0.00019477,7.7703e-05,False
L26,-20,1,1213,2.8268e-05,1.2715e-05,False
L26,60,1,1072,3.3976e-05,1.1219e-05,False
L26,140,-1,6,0.00053877,3.1877e-05,False
L26,140,1,1027,8.8367e-05,8.3477e-05,False
L26,225,-1,15,7.1337e-05,6.5856e-06,False
L26,225,1,940,9.2316e-05,0.00015129,False
L26,300,-1,15,8.6189e-06,4.2841e-06,False
L26,300,1,817,7.649e-05,0.00010962,False
L26,380,-1,36,5.7027e-06,2.9467e-06,False
L26,380,1,740,0.00010553,0.00010504,False
L26,460,-1,55,1.2796e-05,9.2704e-06,False
L26,460,1,599,9.7283e-05,0.00013655,False
L26,540,-1,78,6.7239e-06,4.521e-06,False
L26,540,1,598,5.303e-05,6.3861e-05,False
L26,620,-1,105,8.7343e-05,0.00020338,False
L26,620,1,533,5.2834e-05,5.8074e-05,False
L26,700,-1,136,1.6998e-05,1.4111e-05,False
L26,700,1,472,5.5291e-05,5.319e-05,False
L26,740,-1,171,3.7419e-05,1.777e-05,False
L26,740,1,472,0.0016753,0.0020363,False
L26,780,-1,171,1.8012e-05,1.6609e-05,False
L26,780,1,415,4.0216e-05,3.2515e-05,False
L26,820,-1,210,2.9961e-05,2.7751e-05,False
L26,820,1,415,6.4987e-05,0.00011842,False
L26,860,-1,172,1.9326e-05,1.3802e-05,False
L26,860,1,362,1.629e-05,2.2512e-05,False
L26,900,-1,231,1.7496e-05,1.1486e-05,False
L26,900,1,337,2.1144e-05,1.4474e-05,False
L26,945,-1,276,2.3376e-05,1.5255e-05,False
L26,945,1,337,1.9148e-05,1.9285e-05,False
L26,973,-1,300,2.1773e-05,1.2914e-05,False
L26,973,1,313,2.384e-05,1.941e-05,False
L26,1020,-1,325,7.2879e-05,0.00038477,False
L26,1020,1,290,2.1772e-05,1.6167e-05,False
L26,1060,-1,351,4.273e-05,4.0858e-05,False
L26,1060,1,268,3.9358e-05,3.8337e-05,False
L26,1100,-1,378,0.00066419,0.001112,False
L26,1100,1,247,0.00028572,0.00023982,False
L26,1140,-1,406,2.685e-05,2.0988e-05,False
L26,1140,1,227,0.00052361,0.00068202,False
L26,1180,-1,435,2.5011e-05,1.6323e-05,False
L26,1180,1,208,0.00012691,0.00025399,False
L26,1220,-1,465,3.0071e-05,2.0631e-05,False
L26,1220,1,190,1.838e-05,1.3863e-05,False
L26,1260,-1,496,3.368e-05,3.0283e-05,False
L26,1260,1,173,8.1864e-05,0.00012031,False
L26,1300,-1,528,3.0603e-05,2.1841e-05,False
L26,1300,1,157,1.3707e-05,8.6113e-06,False
L26,1340,-1,561,5.2928e-05,4.4181e-05,False
L26,1340,1,142,1.4138e-05,9.4028e-06,False
L26,1380,-1,595,8.5223e-05,9.6548e-05,False
L26,1380,1,128,0.0009586,0.00026961,False
L26,1424,-1,595,2.772e-05,2.1335e-05,False
L26,1424,1,82,1.7856e-05,1.3975e-05,False
L26,1460,-1,630,3.037e-05,2.7561e-05,False
L26,1460,1,92,1.3127e-05,8.8839e-06,False
L26,1500,-1,703,5.9369e-05,6.5066e-05,False
L26,1500,1,82,3.3886e-05,2.9548e-05,False
L26,1540,-1,741,0.00053497,0.001103,False
L26,1540,1,82,2.6283e-05,2.2704e-05,False
L26,1580,-1,741,3.9066e-05,3.2763e-05,False
L26,1580,1,65,1.7882e-05,1.0686e-05,False
L26,1620,-1,780,8.2515e-05,9.5948e-05,False
L26,1620,1,58,2.1872e-05,1.5958e-05,False
L26,1660,-1,820,0.00015222,0.00018152,False
L26,1660,1,52,5.185e-05,4.7137e-05,False
L26,1700,-1,903,0.0001482,0.00017776,False
L26,1700,1,50,1.4765e-05,9.9388e-06,False
L26,1780,-1,946,0.0010159,0.0010327,False
L26,1780,1,40,1.4019e-05,7.7467e-06,False
L26,1860,-1,1035,0.00074149,0.00097872,False
L26,1860,1,37,1.4399e-05,9.49e-06,False
L26,1937,-1,1081,0.00076808,0.00062423,False
L26,1937,1,11,1.1795e-05,6.5857e-06,False
L26,2019,-1,1176,0.0005439,6.0476e-05,False
L26,2019,1,29,9.0024e-05,6.2101e-05,False
L26,2100,-1,1177,0.0015332,0.00090127,False
L26,2100,1,15,0.095583,0.064514,True
L26,2180,-1,1186,0.00078626,5.5439e-05,False
L26,2180,1,7,2.7185e-06,8.6926e-07,False
L26,2260,-1,1191,0.0011376,0.000111,False
L26,2340,-1,1197,0.00096792,0.00012792,False
L26,2420,-1,1212,0.00087208,0.00014588,False
L26,2580,-1,1213,0.00075445,0.00011385,False
L26,2740,-1,1213,0.00071578,0.00027906,False
L26,2900,-1,1213,0.0039184,0.0026623,False
L26,3010,-1,1213,0.0060491,0.0061935,False
