line,c1x,p1x,p2x,rhoa,normalised_misfit
L22,-20.0,40.0,80.0,89.519066,6.835908043037231
L22,-20.0,80.0,120.0,70.552818,8.340426894937584
L22,-20.0,120.0,160.0,67.367546,6.221236877957083
L22,-20.0,160.0,200.0,69.226219,9.509018296810376
L22,-20.0,2120.0,2160.0,317.963501,-11.380569357509263
L22,-20.0,2080.0,2160.0,310.493713,-9.797598397192683
L22,-160.0,0.0,40.0,54.878887,12.137993127502977
L22,-160.0,40.0,80.0,34.596748,10.815525989092896
L22,-160.0,80.0,120.0,24.662235,13.897865606863432
L22,-160.0,120.0,160.0,22.362114,11.95879396736425
L22,-160.0,160.0,200.0,33.723717,8.162208251868575
L22,-160.0,2160.0,2200.0,174.190186,-7.171329694985716
L22,-160.0,200.0,280.0,40.78508,7.777985770814871
L22,-160.0,240.0,320.0,47.337154,6.330508885996042
L22,-160.0,280.0,360.0,50.25391,6.975813180871082
L22,-160.0,320.0,400.0,52.316719,7.506563197784821
L22,-160.0,360.0,440.0,67.249863,6.125841622752929
L22,-160.0,400.0,480.0,71.798676,5.282862274396948
L22,-160.0,440.0,520.0,52.906494,5.569743772758657
L22,-160.0,480.0,560.0,47.7831,7.214372541703012
L22,-160.0,520.0,680.0,64.205154,6.898475430973191
L22,-160.0,560.0,720.0,70.756332,6.822522016684645
L22,-160.0,600.0,760.0,80.019173,6.571646738440176
L22,-160.0,640.0,800.0,86.343262,6.367896956042119
L22,-160.0,680.0,840.0,87.314285,6.161077499701095
L22,-160.0,720.0,880.0,93.387733,5.933945615318394
L22,-160.0,760.0,920.0,107.252617,6.098526353547401
L22,-160.0,800.0,960.0,118.414604,6.556383054283573
L22,-160.0,840.0,1000.0,131.572418,6.676757888234105
L22,-160.0,2000.0,2160.0,223.464142,-6.270840150341528
L22,-320.0,0.0,40.0,35.919735,20.080914472533355
L22,-320.0,2080.0,2120.0,308.720978,-5.804616048089467
L22,-320.0,2120.0,2160.0,353.725983,-8.807854516804037
L22,-320.0,40.0,120.0,21.772028,19.42787319313864
L22,-320.0,80.0,160.0,20.139093,17.398999168035722
L22,-320.0,120.0,200.0,24.061561999999995,13.945572587386998
L22,-320.0,160.0,240.0,34.518143,10.922112587509298
L22,-320.0,200.0,280.0,41.606472,8.939124389959382
L22,-320.0,240.0,320.0,51.414841,6.479697467764405
L22,-320.0,280.0,360.0,57.932739,6.066639319500851
L22,-320.0,320.0,400.0,64.322197,5.520348427125749
L22,-473.0,40.0,120.0,21.930874,23.710490394926133
L22,-473.0,80.0,160.0,19.701288,22.128401777976155
L22,-473.0,120.0,200.0,17.080454,15.70779783962145
L22,-473.0,160.0,240.0,24.685415,21.813050937045894
L22,-473.0,2040.0,2120.0,282.086975,-9.155068338324392
L22,-473.0,2200.0,2280.0,223.495972,-5.092174570879952
L22,-473.0,200.0,360.0,42.10849,14.425279289296006
L22,-473.0,240.0,400.0,52.84959400000001,11.502822318564897
L22,-473.0,280.0,440.0,69.24144,8.843848449277841
L22,-473.0,320.0,480.0,80.222496,6.839036082362405
L22,-473.0,360.0,520.0,83.051094,5.538922236971526
L22,-473.0,2000.0,2160.0,310.468079,-7.958434804507773
L22,-473.0,2080.0,2240.0,236.510239,-7.745475762911686
L22,-640.0,2240.0,2280.0,219.53591900000004,-8.115033030877704
L22,-640.0,0.0,80.0,72.489029,10.208664956747363
L22,-640.0,40.0,120.0,40.084404,8.281439770325832
L22,-640.0,2040.0,2120.0,277.622437,-10.041131434404983
L22,-640.0,2200.0,2280.0,252.461151,-10.69548168997699
L22,-640.0,200.0,360.0,37.632256,10.188125214805549
L22,-640.0,280.0,440.0,62.66535600000001,6.97544654568314
L22,-640.0,320.0,480.0,77.779564,6.7472294181911225
L22,-640.0,360.0,520.0,83.147278,6.452348558596515
L22,-640.0,400.0,560.0,89.733765,6.506182197646054
L22,-640.0,440.0,600.0,85.571838,5.923384813913761
L22,-640.0,480.0,640.0,89.121246,5.11857448697916
L22,-640.0,2000.0,2160.0,312.370239,-9.587202950946518
L22,-640.0,2080.0,2240.0,259.054688,-8.726318864316022
L22,-640.0,2120.0,2280.0,200.216782,-5.185702050973398
L22,-640.0,1920.0,2240.0,327.06662,-6.611933857333572
L22,-640.0,1960.0,2280.0,263.130005,-6.363571838497582
L22,60.0,80.0,120.0,40.914268,19.639698540049928
L22,60.0,120.0,160.0,63.43317,12.043156069950102
L22,60.0,160.0,200.0,62.151619,16.95585875567615
L22,60.0,2160.0,2240.0,56.426937,23.410822088447237
L22,60.0,2000.0,2160.0,316.773438,-5.150781542190478
L22,140.0,0.0,40.0,178.370087,6.300825884353987
L22,140.0,40.0,80.0,81.216751,8.590599641805602
L22,140.0,80.0,120.0,43.015522,11.020341493880833
L22,140.0,160.0,200.0,46.957352,16.840695051906643
L22,140.0,200.0,240.0,96.72039,5.54108200031204
L22,140.0,240.0,280.0,95.016533,5.646222545623032
L22,140.0,2160.0,2240.0,57.950535,19.568431803900154
L22,140.0,2000.0,2160.0,340.940521,-5.22832623314884
L22,220.0,120.0,160.0,59.24435400000001,8.332375059893629
L22,220.0,160.0,200.0,45.666817,15.608674350845165
L22,220.0,240.0,280.0,43.343353,16.22253892706939
L22,220.0,280.0,320.0,81.571785,9.474287836848228
L22,220.0,320.0,360.0,83.185272,8.140645830162052
L22,220.0,2160.0,2240.0,69.010117,21.017352615358455
L22,220.0,2120.0,2280.0,153.442139,6.650261125784532
L22,300.0,200.0,240.0,92.027092,8.675652740701247
L22,300.0,240.0,280.0,54.872005,15.064850525054899
L22,300.0,320.0,360.0,42.65675,20.760197797403762
L22,300.0,360.0,400.0,81.710281,11.941371864917029
L22,300.0,400.0,440.0,135.79538,5.492088752515858
L22,300.0,2120.0,2200.0,123.722649,6.655007580148064
L22,380.0,280.0,320.0,115.089699,7.4948990123418
L22,380.0,440.0,480.0,117.129387,7.327883158896992
L22,380.0,480.0,520.0,81.685318,5.942519993437722
L22,380.0,520.0,560.0,130.241837,5.059581784434699
L22,380.0,2160.0,2240.0,54.738552,27.87810635328557
L22,460.0,320.0,360.0,123.237648,5.195048726748049
L22,460.0,360.0,400.0,114.078003,7.408270469743621
L22,460.0,480.0,520.0,61.329842000000006,11.216290699523222
L22,460.0,520.0,560.0,117.019859,9.082357512810647
L22,460.0,2160.0,2240.0,50.62352,16.791791335499703
L22,540.0,440.0,480.0,108.820335,6.403053097448328
L22,540.0,480.0,520.0,44.618023,7.472740887610965
L22,540.0,560.0,600.0,41.886398,16.13772387099345
L22,540.0,600.0,640.0,79.332802,7.181889041596588
L22,540.0,2160.0,2240.0,41.515358,27.431400916875294
L22,620.0,560.0,600.0,75.687065,10.440645295242335
L22,620.0,640.0,680.0,62.09414699999999,8.35354531180061
L22,700.0,640.0,680.0,65.563644,8.294734899516406
L22,700.0,2160.0,2240.0,40.080635,35.71614425708949
L22,780.0,800.0,840.0,100.668343,6.542092037202832
L22,780.0,2160.0,2240.0,46.45673,32.95342083729802
L22,820.0,2160.0,2240.0,44.08252,31.177237310168543
L22,860.0,2160.0,2240.0,52.148678,30.648306205313432
L22,900.0,400.0,440.0,953.748108,-12.69037196343963
L22,900.0,400.0,480.0,662.63031,-8.049954132418152
L22,900.0,2160.0,2240.0,44.836876,34.15966548125278
L22,940.0,320.0,400.0,1129.026245,-18.273814975715677
L22,940.0,400.0,480.0,0.461865,138.1136980748025
L22,940.0,2160.0,2240.0,44.51186,34.49106065596885
L22,980.0,320.0,400.0,1130.008057,-18.332105281185875
L22,980.0,400.0,480.0,0.463229,137.97183813335778
L22,980.0,2160.0,2240.0,46.652134,21.45123937054626
L22,1020.0,320.0,400.0,1187.98877,-18.593371082955347
L22,1020.0,400.0,480.0,0.493191,137.53687303524862
L22,1020.0,2160.0,2240.0,50.277168,32.89630361563631
L22,1020.0,2120.0,2280.0,214.66323900000003,5.216968286100234
L22,1060.0,400.0,480.0,0.525439,137.3675998661387
L22,1060.0,2160.0,2240.0,51.64590799999999,32.191905229505515
L22,1060.0,240.0,400.0,916.182373,-12.571771912248236
L22,1100.0,400.0,480.0,0.546482,137.4624176129813
L22,1100.0,2160.0,2240.0,47.684822,33.626571653679704
L22,1100.0,240.0,400.0,940.528442,-12.334671130573069
L22,1140.0,2160.0,2240.0,43.121689,35.932530078155935
L22,1140.0,240.0,400.0,952.1384890000002,-12.30582220511382
L22,1140.0,2120.0,2280.0,216.669434,5.055138991757932
L22,1180.0,2160.0,2240.0,45.61417,35.00369925634901
L22,1180.0,240.0,400.0,959.017517,-12.157428687704599
L22,1180.0,2120.0,2280.0,218.64056400000004,5.092716506927637
L22,1220.0,2160.0,2240.0,43.8106,35.7125155665237
L22,1220.0,240.0,400.0,979.666077,-12.048452599543344
L22,1220.0,400.0,560.0,206.255569,15.561791602725238
L22,1220.0,2120.0,2280.0,215.125244,5.33918319914935
L22,1260.0,2160.0,2240.0,45.688435,34.25582675607853
L22,1260.0,240.0,400.0,1023.437744,-12.037766466101786
L22,1260.0,400.0,560.0,218.253036,15.525115213953386
L22,1260.0,2120.0,2280.0,209.568802,5.260489103723267
L22,1300.0,1320.0,1360.0,180.11084,5.535967414197503
L22,1300.0,2160.0,2240.0,87.449837,20.851831923412657
L22,1300.0,240.0,400.0,1051.511353,-11.951361720708258
L22,1300.0,400.0,560.0,226.076645,15.601032377417653
L22,1300.0,2120.0,2280.0,204.393829,5.363572729149713
L22,1340.0,2160.0,2240.0,48.780602,32.53444253935938
L22,1340.0,240.0,400.0,1051.452759,-11.603110500164046
L22,1340.0,400.0,560.0,228.17897,15.897852407426424
L22,1340.0,2120.0,2280.0,202.475845,5.602113438022068
L22,1380.0,2160.0,2240.0,51.856743,31.735284762894146
L22,1380.0,240.0,400.0,1054.195801,-11.484316306546953
L22,1380.0,400.0,560.0,229.536774,16.11907745903128
L22,1380.0,2040.0,2200.0,228.616501,5.017533895369417
L22,1380.0,2120.0,2280.0,206.618378,5.684639439263672
L22,1420.0,400.0,440.0,1448.828369,-13.771130425083086
L22,1420.0,400.0,480.0,1034.571045,-9.339096416297828
L22,1420.0,2160.0,2240.0,51.749256,31.762428406925476
L22,1420.0,400.0,560.0,707.779663,-5.9034032980420275
L22,1420.0,2120.0,2280.0,202.360199,6.1470346732145105
L22,1460.0,400.0,440.0,1429.814697,-13.161742509586498
L22,1460.0,400.0,480.0,1027.136963,-8.826574061173886
L22,1460.0,2160.0,2240.0,50.75943,31.913905918839383
L22,1460.0,400.0,560.0,705.981567,-5.438645967943503
L22,1460.0,2120.0,2280.0,200.190643,6.188722927758411
L22,1500.0,2120.0,2200.0,147.393417,12.99910226495989
L22,1500.0,2160.0,2240.0,52.73069,30.8611179154196
L22,1540.0,2120.0,2200.0,143.973175,12.669740147495151
L22,1540.0,2160.0,2240.0,52.358524,30.161006416445563
L22,1580.0,2120.0,2200.0,140.879456,12.369112786105593
L22,1580.0,2160.0,2240.0,53.40123,28.967919142002895
L22,1620.0,0.0,40.0,1811.1499020000003,-5.7555384456167245
L22,1620.0,0.0,80.0,1407.044312,-5.178274287354033
L22,1620.0,2120.0,2200.0,145.001984,11.676706964768195
L22,1620.0,2160.0,2240.0,60.038372,26.364678329053838
L22,1660.0,2120.0,2200.0,167.75172399999997,9.920746180254914
L22,1660.0,2160.0,2240.0,75.161613,22.754755169461856
L22,1700.0,2120.0,2200.0,177.448929,9.465191883885105
L22,1700.0,2160.0,2240.0,84.708679,20.77449842001875
L22,1780.0,0.0,40.0,2721.464844,-19.064730434445263
L22,1780.0,1800.0,1840.0,223.204147,9.483245837151633
L22,1780.0,2080.0,2120.0,295.906128,5.629115499169733
L22,1780.0,0.0,80.0,2080.847656,-18.272006503025935
L22,1780.0,40.0,120.0,1209.023804,-15.415067804254917
L22,1780.0,2120.0,2200.0,201.29158,7.326435578882482
L22,1780.0,2160.0,2240.0,107.994118,15.783909384170133
L22,1780.0,0.0,160.0,1428.543823,-16.509966454384138
L22,1780.0,40.0,200.0,925.661987,-13.942531953281556
L22,1780.0,80.0,240.0,695.271667,-9.631041402633858
L22,1780.0,0.0,320.0,928.6994630000002,-11.620525765952356
L22,1860.0,2080.0,2120.0,250.459702,8.035748341035319
L22,1860.0,2160.0,2200.0,11.330384,58.97476013809053
L22,1940.0,2080.0,2120.0,187.796906,11.319618340599865
L22,1940.0,2160.0,2200.0,37.833401,31.500189700740595
L22,2018.0,1920.0,1960.0,145.34288,12.315173924455955
L22,2018.0,2040.0,2080.0,72.226425,25.218368616900655
L22,2018.0,2080.0,2120.0,82.54863,28.229640325399927
L22,2018.0,2120.0,2160.0,144.147247,11.189518655996086
L22,2018.0,2160.0,2200.0,38.570347,27.052699574135776
L22,2100.0,1920.0,1960.0,139.534958,7.095252768240807
L22,2100.0,1960.0,2000.0,67.45607,18.550080893436963
L22,2100.0,2000.0,2040.0,36.512836,36.233259488783446
L22,2100.0,2040.0,2080.0,61.94030800000001,16.12633062851476
L22,2100.0,2120.0,2160.0,74.886635,22.28855149527386
L22,2100.0,2160.0,2200.0,41.011482,22.714401579219654
L22,2100.0,2240.0,2280.0,84.553009,5.596782741431962
L22,2180.0,2000.0,2040.0,39.775429,18.625458554177726
L22,2180.0,2040.0,2080.0,37.10931,12.421086573388012
L22,2180.0,2080.0,2120.0,52.503956,22.164554034007903
L22,2180.0,2240.0,2280.0,267.448669,-7.061027499984552
L22,2260.0,0.0,40.0,846.4662479999998,-7.827380791059689
L22,2260.0,2000.0,2040.0,37.655994,16.619210819032975
L22,2260.0,2040.0,2080.0,23.869793,16.99925317476333
L22,2260.0,2080.0,2120.0,13.361489,43.17753880795062
L22,2260.0,2120.0,2160.0,125.58596799999998,11.025536013881787
L22,2260.0,0.0,80.0,656.032898,-7.09316178069845
L22,2260.0,0.0,160.0,461.290619,-5.789339772099449
L22,2335.0,0.0,40.0,900.223389,-5.301414926372155
L22,2335.0,2000.0,2040.0,51.208584,11.839125857386971
L22,2335.0,2040.0,2080.0,31.181372,13.130575420300543
L22,2335.0,2080.0,2120.0,5.097948,63.80829880953544
L22,2335.0,2160.0,2200.0,500.543976,-12.359270221966513
L22,2335.0,2200.0,2240.0,385.413483,-8.454042570215092
L22,2335.0,80.0,240.0,324.094482,-5.409410224881149
L22,2335.0,120.0,280.0,322.35376,-5.633287296173053
L22,2335.0,0.0,320.0,411.45929,-6.34380669952976
L22,2335.0,40.0,360.0,354.69738800000005,-5.738880261598661
L22,2335.0,80.0,400.0,342.852753,-5.363710921738874
L22,2335.0,120.0,440.0,355.622253,-5.319066976674664
L22,2335.0,160.0,480.0,360.989105,-5.123616742299603
L22,2335.0,200.0,520.0,343.952545,-5.082502851484125
L22,2411.0,0.0,40.0,990.921997,-6.641542300824398
L22,2411.0,2080.0,2120.0,18.648001,33.54762412004938
L22,2411.0,2120.0,2160.0,106.249611,9.500338411761744
L22,2411.0,2160.0,2200.0,374.733551,-11.588649656432745
L22,2411.0,2200.0,2240.0,307.206726,-6.841994033922066
L22,2411.0,0.0,80.0,756.927795,-5.8705184100262695
L22,2411.0,1960.0,2040.0,57.493519,7.109157227205395
L22,2411.0,2000.0,2080.0,30.024374000000005,15.079282573509314
L22,2585.0,0.0,40.0,888.977112,-5.9676376220097795
L22,2585.0,0.0,80.0,681.700867,-5.5323235210573944
L22,2585.0,2000.0,2080.0,31.005405,12.984261229850667
L22,2585.0,2040.0,2120.0,20.173702,22.998806312220726
L22,2585.0,2080.0,2160.0,7.579352,51.59151414471071
L22,2585.0,2120.0,2200.0,196.230362,-8.462959925271644
L22,2585.0,2160.0,2240.0,285.056,-13.22347667342294
L22,2747.0,2040.0,2120.0,27.713223,20.08767611022306
L22,2747.0,2080.0,2160.0,14.290965,21.091950179742692
L22,2747.0,2120.0,2200.0,235.12794500000004,-10.138722309061672
L22,2747.0,2160.0,2240.0,362.594208,-15.913799093463536
L22,2747.0,2200.0,2280.0,255.9953,-8.026501771185794
L22,2900.0,0.0,40.0,1897.917236,-11.655099905523663
L22,2900.0,0.0,80.0,1460.614746,-11.379313575152425
L22,2900.0,40.0,120.0,872.353882,-10.951234922286535
L22,2900.0,2200.0,2280.0,320.190918,-9.060790819883286
L22,2900.0,0.0,160.0,1038.481812,-11.500303162806723
L22,2900.0,40.0,200.0,649.292969,-8.889756313268
L22,2900.0,80.0,240.0,462.266998,-6.333983714622837
L22,2900.0,120.0,280.0,384.850555,-7.319408121603128
L22,2900.0,1960.0,2120.0,39.907829,17.66511675302366
L22,2900.0,2000.0,2160.0,29.657148,25.213219867778342
L22,2900.0,2080.0,2240.0,241.835815,-7.627928814706888
L22,2900.0,0.0,320.0,640.227234,-7.86752919248026
L22,2900.0,40.0,360.0,452.365601,-7.113187095858675
L22,2900.0,80.0,400.0,389.167877,-5.966552826043803
L22,3060.0,160.0,200.0,657.374268,-11.099927938153918
L22,3060.0,2120.0,2160.0,58.208359,12.182556425887938
L22,3060.0,80.0,240.0,663.944031,-9.876430408769329
L22,3060.0,120.0,280.0,645.2169189999998,-12.828524276937015
L22,3060.0,1960.0,2120.0,43.882614,19.53977037583354
L22,3060.0,2080.0,2240.0,300.207397,-10.499425889763247
L22,3060.0,2120.0,2280.0,389.135529,-13.250286565132933
L22,3060.0,0.0,320.0,865.735779,-12.743775226848308
L22,3060.0,40.0,360.0,724.248901,-15.526404246005127
L22,3060.0,80.0,400.0,690.14502,-16.695143823777457
L22,3060.0,120.0,440.0,713.1013790000001,-16.4759376171465
L22,3060.0,160.0,480.0,721.0064089999998,-16.08355005440762
L22,3060.0,200.0,520.0,675.080811,-15.557863687181667
L22,3060.0,240.0,560.0,653.793396,-15.144526244179026
L22,3060.0,280.0,600.0,605.469666,-14.06777971342908
L22,3060.0,320.0,640.0,509.98471100000006,-5.987767727295681
L24,-20.0,0.0,40.0,71.94880627816013,23.276058743545132
L24,-20.0,40.0,80.0,80.70125722581842,17.403438370002398
L24,-20.0,80.0,120.0,86.6671691703127,11.745937713914754
L24,-20.0,120.0,160.0,116.63832230202712,6.235297235756462
L24,-160.0,0.0,40.0,23.36727862931337,22.810181643539547
L24,-160.0,40.0,80.0,22.68618412485612,18.329844484616146
L24,-160.0,80.0,120.0,24.067910253333096,13.540668493255188
L24,-160.0,120.0,160.0,30.1056553496206,10.700719378939125
L24,-160.0,160.0,200.0,24.77732811045944,10.439809436598617
L24,-160.0,2360.0,2400.0,101.12118503707303,7.154744805611218
L24,-160.0,200.0,280.0,29.69235919817736,10.406315927922378
L24,-160.0,240.0,320.0,39.48990157307026,9.383510149031421
L24,-160.0,280.0,360.0,35.629648153324375,9.124797290873179
L24,-160.0,320.0,400.0,34.42278243934797,9.303117707749124
L24,-160.0,360.0,440.0,39.82703414040215,9.464132223361217
L24,-160.0,400.0,480.0,51.50699316290916,9.205741127240865
L24,-160.0,440.0,520.0,43.52357520137936,9.816665278553957
L24,-160.0,480.0,560.0,39.12940856544986,10.256459233818674
L24,-160.0,2280.0,2360.0,145.0523397096745,7.674548411300874
L24,-160.0,2320.0,2400.0,104.24334762776822,8.597554619763233
L24,-160.0,520.0,680.0,48.75017591510216,10.146474510849757
L24,-160.0,560.0,720.0,50.8293807426732,10.457624444425555
L24,-160.0,600.0,760.0,61.582472034102274,10.340926443369229
L24,-160.0,640.0,800.0,75.9599213764274,10.209066592951599
L24,-160.0,680.0,840.0,84.77161105989329,10.116998131043063
L24,-160.0,720.0,880.0,93.16669853740542,10.082857415818324
L24,-160.0,760.0,920.0,94.72392700149132,10.040045320344758
L24,-160.0,800.0,960.0,90.56188439981592,9.916381191057564
L24,-160.0,840.0,1000.0,91.4165782383734,9.953952735275248
L24,-160.0,880.0,1040.0,85.01265881574808,10.058140083681497
L24,-160.0,920.0,1080.0,93.152270218147,10.35143918431336
L24,-160.0,960.0,1120.0,95.49722964027268,10.667659594645253
L24,-160.0,1000.0,1160.0,88.10833148278064,10.821895608855835
L24,-160.0,1040.0,1200.0,97.2145264484769,10.590831528815594
L24,-160.0,1080.0,1240.0,103.97293922598084,10.656211506663245
L24,-160.0,1120.0,1280.0,120.97949478934709,10.67728466794561
L24,-160.0,2120.0,2280.0,103.2893063411687,6.5363272840837725
L24,-160.0,2160.0,2320.0,123.21617579887425,6.830897575576369
L24,-160.0,2200.0,2360.0,133.300076024205,7.699139022864686
L24,-160.0,2240.0,2400.0,136.71473684306764,7.543873644339817
L24,-160.0,1160.0,1480.0,144.11020861356,10.447505166451698
L24,-160.0,1200.0,1520.0,147.56824935326455,10.294561385064341
L24,-160.0,1240.0,1560.0,143.7384650420353,10.181456022556898
L24,-160.0,1280.0,1600.0,148.56135492005916,10.028314308952547
L24,-160.0,1320.0,1640.0,160.89359822421966,9.600411745607289
L24,-160.0,1360.0,1680.0,185.87164263128548,9.43812765428301
L24,-160.0,1400.0,1720.0,207.6675021302073,9.248927710197009
L24,-160.0,1440.0,1760.0,220.93472096352636,9.319439196883458
L24,-160.0,1480.0,1800.0,267.0453687341741,9.054295989708335
L24,-160.0,1520.0,1840.0,309.65022663911344,8.908773888488248
L24,-160.0,1560.0,1880.0,338.8587269781815,8.66638787930938
L24,-160.0,1600.0,1920.0,349.5043618469574,8.638674892358397
L24,-160.0,1640.0,1960.0,345.9838291765997,8.68135194451328
L24,-160.0,1680.0,2000.0,320.46362333585506,8.78094192120938
L24,-160.0,1720.0,2040.0,288.3494432969094,8.836171284071591
L24,-160.0,1760.0,2080.0,272.44268527078395,8.520674421450021
L24,-160.0,1800.0,2120.0,229.5741668824189,8.492965442865362
L24,-160.0,1840.0,2160.0,184.3993582906171,8.47861358901653
L24,-160.0,1880.0,2200.0,148.69233373738194,8.658763117224359
L24,-160.0,1920.0,2240.0,126.77958334635665,8.391078080664759
L24,-160.0,1960.0,2280.0,109.24312480430729,8.269319999823205
L24,-160.0,2000.0,2320.0,115.55907133356376,7.049417819317904
L24,-160.0,2040.0,2360.0,114.84249803601986,6.849171311114543
L24,-160.0,2080.0,2400.0,113.7511481621768,6.815221272091608
L24,-320.0,0.0,40.0,2.7143360321177186,69.7881457013159
L24,-320.0,40.0,120.0,19.146455051638203,25.046501171953935
L24,-320.0,80.0,160.0,30.05833657174508,15.200345999473397
L24,-320.0,120.0,200.0,33.33093131212776,12.311914966044064
L24,-320.0,160.0,240.0,29.03772172594913,11.234886339638576
L24,-320.0,200.0,280.0,43.66509052040914,7.928022267470569
L24,-320.0,240.0,320.0,59.38977213032182,6.043643903699711
L24,-320.0,280.0,360.0,54.92815921180377,5.15835096883289
L24,-480.0,0.0,80.0,37.30691078982728,19.592626255555754
L24,-480.0,40.0,120.0,9.506357370138955,43.33507793204746
L24,-480.0,80.0,160.0,9.131656587570756,43.506080720980094
L24,-480.0,120.0,200.0,17.78512313618887,29.319288677492594
L24,-480.0,160.0,240.0,20.80247841419065,22.34104305706876
L24,-480.0,200.0,360.0,44.76740120597561,12.516739579928872
L24,-480.0,240.0,400.0,55.7566010427403,10.08407613151846
L24,-480.0,280.0,440.0,62.497936844166766,7.625957706509278
L24,-480.0,320.0,480.0,76.50778404473648,5.547169293491024
L24,-640.0,0.0,80.0,79.40594768185372,7.270075503193999
L24,-640.0,40.0,200.0,17.956489784274737,32.95376014832305
L24,-640.0,80.0,240.0,3.26917351778595,65.1319655474235
L24,-640.0,120.0,280.0,16.45085730960168,34.37832692681797
L24,-640.0,160.0,320.0,28.774552279065453,23.321857704961168
L24,-640.0,200.0,360.0,40.11030635898694,17.659103937723756
L24,-640.0,240.0,400.0,52.59357926475888,14.052006302492792
L24,-640.0,280.0,440.0,62.08839662297686,10.533649207499312
L24,-640.0,320.0,480.0,78.6827225292562,7.700844841342311
L24,-640.0,360.0,520.0,82.36080486230051,6.520717663704985
L24,-640.0,400.0,560.0,95.0073628927871,5.4239151058741735
L24,60.0,0.0,40.0,56.91283847598019,19.405284240072852
L24,60.0,80.0,120.0,61.96405412959033,15.351557503322486
L24,60.0,120.0,160.0,91.22024919792452,10.272052111335395
L24,60.0,160.0,200.0,90.44082521502774,6.116052185614176
L24,60.0,200.0,240.0,77.25801523453703,6.97595468478666
L24,140.0,0.0,40.0,147.1668406981539,6.027300271648232
L24,140.0,40.0,80.0,95.4420711519456,6.564058894731895
L24,140.0,80.0,120.0,56.47425407354613,13.035083096534525
L24,140.0,160.0,200.0,50.33718216037353,11.706369904101198
L24,140.0,200.0,240.0,55.9803646968864,10.726196081534267
L24,140.0,240.0,280.0,131.51632973040134,5.654162988078222
L24,220.0,120.0,160.0,109.99578175032931,6.804091049083103
L24,220.0,160.0,200.0,51.86098317635908,15.532107701272963
L24,220.0,240.0,280.0,57.209160205493305,16.66167554598713
L24,220.0,280.0,320.0,86.89126431842645,6.40177270603942
L24,300.0,200.0,240.0,68.58517653543359,5.1690112176655685
L24,300.0,240.0,280.0,63.10115018772512,13.217236179461846
L24,300.0,320.0,360.0,55.773777748820734,12.396779976919325
L24,300.0,360.0,400.0,86.2837013800318,7.903463374699522
L24,380.0,280.0,320.0,92.03459308771332,8.487966556041389
L24,466.0,520.0,560.0,115.61823038963124,5.120547843911631
L24,540.0,600.0,640.0,86.04053790205465,5.814357649308304
L24,620.0,520.0,560.0,118.43395849643726,6.160158717870061
L24,620.0,560.0,600.0,57.19824801440684,13.538592790992986
L24,700.0,640.0,680.0,62.83162011551382,9.23584275666054
L24,700.0,720.0,760.0,61.95018705328578,8.044211670080932
L24,1100.0,1160.0,1200.0,192.531889893125,5.125037162564734
L24,1180.0,1120.0,1160.0,85.36620847353142,7.435161054646566
L24,1180.0,1200.0,1240.0,96.24511073247572,13.160160049131344
L24,1220.0,1160.0,1200.0,92.62884924236248,11.890895015399083
L24,1220.0,1240.0,1280.0,111.66657983283363,5.779346155519086
L24,1300.0,1240.0,1280.0,120.3998485789496,9.451384963272668
L24,1300.0,1320.0,1360.0,160.74534584479753,7.575698189942934
L24,1420.0,1440.0,1480.0,96.4276474552573,6.468806924670188
L24,1460.0,1520.0,1560.0,211.77401515711168,6.8888811222067865
L24,1500.0,1440.0,1480.0,152.1824935355203,8.65037079915103
L24,1540.0,1560.0,1600.0,102.23741755427363,7.057102141565637
L24,1580.0,1760.0,1800.0,1025.9603134039876,-5.786991517275949
L24,1620.0,1760.0,1800.0,1095.0949020605683,-8.653800201207416
L24,1620.0,1920.0,1960.0,1039.6571876167848,-5.360053590845766
L24,1660.0,1760.0,1800.0,996.3584795014724,-9.487773747982274
L24,1660.0,1920.0,1960.0,1099.988391892422,-6.339254649863625
L24,1699.0,1520.0,1560.0,1506.8402327190015,-27.392844259304642
L24,1699.0,1560.0,1600.0,31.853162551123347,52.489468981595564
L24,1699.0,1600.0,1640.0,633.8286168993462,-7.0977468485248325
L24,1699.0,1760.0,1800.0,978.2632054570408,-10.921319812438858
L24,1699.0,1800.0,1840.0,1111.1087451966505,-7.070350737548543
L24,1699.0,1840.0,1880.0,1041.055599871642,-6.568264974214509
L24,1699.0,1880.0,1920.0,948.5626693491196,-5.311832598009643
L24,1699.0,1920.0,1960.0,1299.190508905224,-8.51547293720791
L24,1699.0,1960.0,2000.0,734.1163404743368,-7.156278401853808
L24,1782.0,1600.0,1640.0,970.9797676122648,-7.648255470310708
L24,1782.0,1640.0,1680.0,965.5480885039324,-8.470867037065783
L24,1782.0,1680.0,1720.0,870.5640337408238,-7.14543256419602
L24,1782.0,1920.0,1960.0,1266.9707387833148,-9.192912551774452
L24,1782.0,1960.0,2000.0,809.0864451203241,-9.109009929693647
L24,1860.0,1600.0,1640.0,765.6911101623916,-6.398870960568638
L24,1860.0,1640.0,1680.0,837.2510518984526,-7.044514144670805
L24,1860.0,1680.0,1720.0,935.5578386954506,-7.817491797294405
L24,1860.0,1720.0,1760.0,589.5493410268599,-5.328520098849352
L24,1860.0,1880.0,1920.0,248.4896846902808,5.404177322925861
L24,1860.0,1920.0,1960.0,875.9625271546917,-5.17377014022874
L24,1860.0,1960.0,2000.0,777.8469462500382,-8.24014353287215
L24,1942.0,1680.0,1720.0,625.0330673481697,-5.376651362873239
L24,1942.0,2000.0,2040.0,192.70776623694437,14.648710813919307
L24,1942.0,2040.0,2080.0,192.2682432478977,10.803240097912509
L24,1942.0,2160.0,2200.0,103.84073849224812,5.695121368849826
L24,1942.0,2200.0,2240.0,134.63129453067648,8.671359931976447
L24,2022.0,1880.0,1920.0,100.14682234842871,15.385973320200076
L24,2022.0,1920.0,1960.0,75.38195730920083,28.589041186650167
L24,2022.0,1960.0,2000.0,68.24747804040453,32.41269887116678
L24,2022.0,2080.0,2120.0,93.42405623222947,26.08409597715017
L24,2022.0,2120.0,2160.0,107.89241457486804,14.45693996214396
L24,2022.0,2160.0,2200.0,65.32264238219344,14.205898424772734
L24,2022.0,2200.0,2240.0,83.98638439428584,15.376657820812433
L24,2022.0,2240.0,2280.0,191.20945886835068,8.16048047572444
L24,2022.0,2320.0,2360.0,184.92234854349712,6.87261906934519
L24,2100.0,1880.0,1920.0,115.46712721335176,6.424640144887986
L24,2100.0,1920.0,1960.0,91.73421332181944,15.045484690643404
L24,2100.0,1960.0,2000.0,63.77003887954662,21.462639076483754
L24,2100.0,2000.0,2040.0,67.30348451975624,28.47823399390969
L24,2100.0,2040.0,2080.0,70.47678239836117,34.41362110144196
L24,2100.0,2120.0,2160.0,48.65317812960098,39.277023206884365
L24,2100.0,2160.0,2200.0,47.70956152274056,28.87100689660672
L24,2100.0,2200.0,2240.0,59.03225666511359,26.92897673962238
L24,2100.0,2240.0,2280.0,140.8778090919299,14.821677824689617
L24,2100.0,2280.0,2320.0,211.6456516540843,8.327289669187227
L24,2100.0,2320.0,2360.0,154.99951661670556,8.614471936861028
L24,2180.0,1840.0,1880.0,148.15717043640203,5.482759503791411
L24,2180.0,1880.0,1920.0,94.22059131403256,10.013314929249077
L24,2180.0,1920.0,1960.0,82.34735722694472,13.966920889586563
L24,2180.0,1960.0,2000.0,58.66117681674776,15.245029038623647
L24,2180.0,2000.0,2040.0,50.33031007299312,22.781077739922402
L24,2180.0,2040.0,2080.0,72.02273034652134,22.27133396228454
L24,2180.0,2080.0,2120.0,139.4369879713947,19.898258717967387
L24,2261.0,1920.0,1960.0,110.57914253389252,8.731545864514079
L24,2261.0,1960.0,2000.0,77.01861910991528,9.232649691778013
L24,2261.0,2000.0,2040.0,66.7337733614154,15.427337773157483
L24,2261.0,2040.0,2080.0,120.22722357041768,9.488406245372285
L24,2261.0,2080.0,2120.0,238.10626307263144,5.419781507932904
L24,2340.0,2000.0,2040.0,58.8376988490011,10.263161516927118
L24,2340.0,1920.0,2000.0,82.20487600821662,5.914347658947593
L24,2420.0,1920.0,2000.0,65.11305719686227,5.352565175264258
L24,2420.0,1960.0,2040.0,44.10687239203037,7.58592614177816
L24,2577.0,1960.0,2040.0,49.744547018291904,5.825255155593745
L24,2783.0,2320.0,2400.0,270.5275676599507,-5.22679653514754
L24,2900.0,2280.0,2360.0,417.43794459876113,-6.14901646047037
L24,2900.0,2320.0,2400.0,358.0329698082548,-7.748871658050153
L24,3030.0,2320.0,2400.0,462.70384501357984,-9.929701774412237
L24,3030.0,1800.0,1960.0,361.24457427207057,-5.037398001347167
L24,3030.0,2160.0,2320.0,360.7759848375902,-5.009281782827465
L24,3030.0,2200.0,2360.0,451.8460545934148,-6.988684401707192
L26,-20.0,0.0,40.0,50.31056637264992,33.229934569421744
L26,-20.0,40.0,80.0,57.791155972460665,24.544170282033043
L26,-20.0,80.0,120.0,90.35441973828304,19.10731041260274
L26,-20.0,120.0,160.0,117.53316922301408,11.761016430806084
L26,-20.0,160.0,200.0,140.00908246558316,6.69735266374465
L26,-20.0,200.0,240.0,116.40309049946109,6.044888862225056
L26,-185.0,0.0,40.0,29.12739494324907,19.82903940090578
L26,-185.0,40.0,80.0,24.88527339505085,14.818903948396711
L26,-185.0,80.0,120.0,40.31427979989707,9.345230991139099
L26,-185.0,2280.0,2320.0,112.59763976100028,5.964070527796335
L26,-185.0,1800.0,1880.0,404.47138670054807,5.332112188455344
L26,-185.0,1840.0,1920.0,432.8129194128953,5.172523567464313
L26,-185.0,2240.0,2320.0,174.73836384670176,5.44783186523951
L26,-185.0,720.0,880.0,138.41079129387649,5.050251982205394
L26,-185.0,760.0,920.0,123.47653739034143,5.449824628091989
L26,-185.0,800.0,960.0,117.0632445673903,5.265823850252196
L26,-185.0,840.0,1000.0,105.76556783883504,5.560167297813122
L26,-185.0,880.0,1040.0,104.68582094704318,5.505551245007865
L26,-185.0,920.0,1080.0,93.0225610487422,6.092993298291815
L26,-185.0,960.0,1120.0,102.97492198053692,6.323056443300464
L26,-185.0,1000.0,1160.0,134.5110603854888,5.97309489467116
L26,-185.0,1040.0,1200.0,149.15530444706343,6.158104600718979
L26,-185.0,1080.0,1240.0,174.2490594726955,6.003498389975062
L26,-185.0,1640.0,1800.0,336.27880958960094,5.998053410937208
L26,-185.0,1680.0,1840.0,318.3552851097561,5.822022995291249
L26,-185.0,1720.0,1880.0,361.51270466361945,5.347090692706963
L26,-185.0,1760.0,1920.0,351.3203446111338,5.61577116344695
L26,-185.0,1120.0,1440.0,168.27793158275284,6.657801454719303
L26,-185.0,1160.0,1480.0,155.80561167451916,6.787421275646338
L26,-185.0,1200.0,1520.0,149.2141562614828,7.055386397323491
L26,-185.0,1240.0,1560.0,159.12133165595034,6.840113675810384
L26,-185.0,1280.0,1600.0,157.06416499458956,6.827155564237191
L26,-185.0,1320.0,1640.0,205.38379972996367,6.302695363176746
L26,-185.0,1360.0,1680.0,240.63308520698476,6.1230612897653565
L26,-185.0,1400.0,1720.0,258.2088211561473,6.239260537716818
L26,-185.0,1440.0,1760.0,302.5529579227726,5.927798499903575
L26,-185.0,1480.0,1800.0,320.8518012073036,6.075586108959816
L26,-185.0,1520.0,1840.0,356.4542361183461,5.889224728707837
L26,-185.0,1560.0,1880.0,378.7253045718211,5.812063657616316
L26,-185.0,1600.0,1920.0,401.6954704450061,5.586154201079734
L26,-320.0,0.0,40.0,12.80955339984802,38.64782393353145
L26,-320.0,40.0,120.0,32.18250494718643,14.799984460937605
L26,-320.0,80.0,160.0,53.61368813603811,6.765468281436129
L26,-480.0,0.0,80.0,22.391065688966705,27.06893777408443
L26,-480.0,40.0,120.0,7.699774183405066,46.374910874492
L26,-480.0,80.0,160.0,31.771932445031386,20.32974473698476
L26,-480.0,120.0,200.0,45.734209971541766,13.516915885617388
L26,-480.0,160.0,240.0,49.34593785721839,11.017289169661703
L26,-480.0,200.0,360.0,64.94835039166057,7.086614381867276
L26,-480.0,240.0,400.0,66.60901664000883,7.114482322026168
L26,-480.0,280.0,440.0,72.5478210750758,5.285150883016574
L26,-480.0,2040.0,2200.0,356.08194101957974,-5.2318465137830215
L26,-640.0,0.0,80.0,54.17644552685852,12.401443910027856
L26,-640.0,40.0,200.0,9.885496639847334,45.768253912085925
L26,-640.0,80.0,240.0,28.659124064588077,25.254498471360822
L26,-640.0,120.0,280.0,42.42026886530896,17.85409354834232
L26,-640.0,160.0,320.0,53.85374865161673,13.803532985189605
L26,-640.0,200.0,360.0,62.03778021683546,11.132056858702095
L26,-640.0,240.0,400.0,63.09055667430981,11.240302565240054
L26,-640.0,280.0,440.0,72.29876754017634,8.335798279163162
L26,-640.0,320.0,480.0,71.40477864327634,6.934549057109833
L26,-640.0,360.0,520.0,77.00865004420659,5.193160994955687
L26,-640.0,2040.0,2200.0,375.27958479091535,-5.3329153140650405
L26,60.0,120.0,160.0,82.6717523017758,17.490318546626966
L26,60.0,160.0,200.0,117.33992937249891,9.738398344885622
L26,60.0,200.0,240.0,105.24292929509978,8.490161255631868
L26,140.0,0.0,40.0,169.22441294623667,8.607778525516897
L26,140.0,40.0,80.0,97.55044942651686,9.792249510816557
L26,140.0,80.0,120.0,65.70744369747746,21.681301320516912
L26,140.0,160.0,200.0,53.85299730349204,18.016359889808495
L26,140.0,200.0,240.0,67.59709876084273,11.846946024531483
L26,225.0,120.0,160.0,112.38157230884823,5.3807829842502475
L26,225.0,160.0,200.0,71.03874568022484,12.720737178598887
L26,225.0,2360.0,2400.0,667.4277709183407,-16.26621084247689
L26,300.0,2360.0,2400.0,672.9143874520574,-15.514402135621271
L26,380.0,2360.0,2400.0,734.1307737760225,-16.342483521844258
L26,460.0,2360.0,2400.0,744.9881609794212,-16.191088240254942
L26,540.0,2360.0,2400.0,757.9728956485569,-16.247923771011923
L26,620.0,2360.0,2400.0,776.6351695001077,-16.070621980358194
L26,700.0,2360.0,2400.0,798.9320630206818,-16.096324165987735
L26,740.0,960.0,1000.0,174.36448208265736,5.409449886773093
L26,740.0,2360.0,2400.0,823.2597432276166,-15.657729448504913
L26,780.0,2360.0,2400.0,864.2232772246732,-15.767807816511436
L26,820.0,2360.0,2400.0,908.3926474765548,-16.07779055538006
L26,860.0,960.0,1000.0,350.2326453280387,-7.105340130091236
L26,860.0,1000.0,1040.0,255.55108844351508,6.331168248138008
L26,860.0,2360.0,2400.0,918.6144130937704,-15.810216183881778
L26,900.0,1000.0,1040.0,207.26475211575703,11.545482036224836
L26,900.0,2360.0,2400.0,935.6524841377436,-15.765977393707923
L26,945.0,1000.0,1040.0,135.1888963627851,22.336776484502504
L26,945.0,2360.0,2400.0,958.3239873829152,-15.974879182144388
L26,973.0,1000.0,1040.0,50.83877674632837,42.063835591485876
L26,973.0,2360.0,2400.0,954.0865074344348,-16.026312221540636
L26,1020.0,960.0,1000.0,53.28863454925933,17.228881934705797
L26,1020.0,1040.0,1080.0,81.32913800440079,17.17050490962542
L26,1020.0,1080.0,1120.0,184.931043365292,6.100828837354621
L26,1020.0,2360.0,2400.0,968.2423132459744,-16.44738567002496
L26,1060.0,960.0,1000.0,58.40161651514836,16.72045737700581
L26,1060.0,1000.0,1040.0,105.65637644891795,14.71866948734753
L26,1060.0,1080.0,1120.0,101.31604496260532,12.77173278618958
L26,1060.0,1120.0,1160.0,123.86732238050182,5.416274338637688
L26,1060.0,2360.0,2400.0,928.3340289358572,-15.966667619530101
L26,1100.0,960.0,1000.0,83.63628170944973,8.41943289978587
L26,1100.0,1000.0,1040.0,129.85594802095113,5.407925592943346
L26,1100.0,1040.0,1080.0,66.8841164414466,6.822478091533378
L26,1100.0,2360.0,2400.0,934.7196614753284,-15.746756546426083
L26,1140.0,1200.0,1240.0,164.8455821262345,5.588313639035471
L26,1140.0,2360.0,2400.0,944.5558151096416,-15.62719088773505
L26,1180.0,1200.0,1240.0,166.8034156797484,5.279575370871645
L26,1180.0,2360.0,2400.0,989.6320174876388,-15.54185649614076
L26,1220.0,1160.0,1200.0,193.23209038382464,5.093400476172891
L26,1220.0,2360.0,2400.0,1033.1428776382393,-15.929404242448518
L26,1260.0,2360.0,2400.0,1069.503216509621,-15.912938095203502
L26,1300.0,1240.0,1280.0,165.7951447097766,6.063099755319212
L26,1300.0,2360.0,2400.0,1121.515158461276,-16.149750918970977
L26,1340.0,1280.0,1320.0,111.18308278852076,6.733976592200681
L26,1340.0,1360.0,1400.0,128.01243861755654,6.025473784190141
L26,1340.0,2360.0,2400.0,1120.3280542191508,-16.05895795965382
L26,1380.0,1320.0,1360.0,143.32056553348866,5.1913781043053415
L26,1380.0,1440.0,1480.0,103.6261533961288,5.1317535921469
L26,1380.0,2360.0,2400.0,1118.7502706164612,-16.268954653722243
L26,1424.0,2360.0,2400.0,1085.9441274223816,-16.08222596095935
L26,1460.0,1360.0,1400.0,174.47165182972012,7.129211324150547
L26,1460.0,2360.0,2400.0,1063.2257046438713,-16.487980445388885
L26,1500.0,1440.0,1480.0,62.093139120375696,13.330586202933855
L26,1500.0,2360.0,2400.0,1007.7566386045556,-16.379046055667075
L26,1540.0,0.0,40.0,5313.241200918574,-32.07312346675783
L26,1540.0,1440.0,1480.0,129.29699384743083,5.366698240652031
L26,1540.0,2360.0,2400.0,1001.4588106722224,-16.859770432204037
L26,1580.0,2360.0,2400.0,972.8338024939266,-16.518741894226
L26,1620.0,2360.0,2400.0,1017.4629930850576,-16.876928110764677
L26,1660.0,2360.0,2400.0,1171.0893301611336,-18.07100276607725
L26,1660.0,2040.0,2120.0,999.61553308865,-5.060472907377138
L26,1700.0,2000.0,2040.0,148.96902570923197,15.324105217129588
L26,1700.0,2360.0,2400.0,1141.3190576939662,-17.68468754943659
L26,1780.0,2000.0,2040.0,135.25484472090744,14.268758409312074
L26,1780.0,2040.0,2080.0,1189.9604527779618,-6.805874724474454
L26,1780.0,2360.0,2400.0,1076.3433859163106,-17.620907389635416
L26,1860.0,2000.0,2040.0,103.09778820894024,14.898648720806204
L26,1860.0,2040.0,2080.0,925.5224662228052,-6.458945672582577
L26,1860.0,2120.0,2160.0,181.6729080318268,6.9781747777050915
L26,1860.0,2360.0,2400.0,948.0936028521446,-17.039834626164353
L26,1937.0,1680.0,1720.0,224.47733306414565,5.196279474180801
L26,1937.0,2000.0,2040.0,112.42183511585785,16.794594693873933
L26,1937.0,2120.0,2160.0,138.31463615294217,13.316324996369628
L26,1937.0,2160.0,2200.0,235.7300711935913,7.282555703467057
L26,1937.0,2360.0,2400.0,832.5219217525679,-14.999224883213316
L26,2019.0,2040.0,2080.0,252.1371069053069,15.545434660789613
L26,2019.0,2080.0,2120.0,148.648831969806,12.873420468177864
L26,2019.0,2120.0,2160.0,60.42919304825376,28.227556711208617
L26,2019.0,2160.0,2200.0,124.326162680427,18.974429758575493
L26,2019.0,2200.0,2240.0,178.9826460290702,14.884329798532136
L26,2019.0,2240.0,2280.0,290.1438232457916,9.431907779914633
L26,2019.0,2280.0,2320.0,156.5219511836271,8.345586892768571
L26,2100.0,1800.0,1840.0,412.29391530724143,-9.166642976759695
L26,2100.0,1840.0,1880.0,422.70051444958057,-6.036085963853884
L26,2100.0,2000.0,2040.0,1267.2694086461856,-29.406563547168755
L26,2100.0,2120.0,2160.0,11441.25314428909,-57.595110279514635
L26,2100.0,2160.0,2200.0,2950.298220630249,-25.333019173083617
L26,2100.0,2200.0,2240.0,1512.5648341153335,-16.32253514457694
L26,2100.0,2240.0,2280.0,1340.7551362178351,-13.466624502190438
L26,2100.0,2280.0,2320.0,522.9576872584915,-11.168192050507303
L26,2180.0,1840.0,1880.0,218.30839988003268,5.81544814037116
L26,2180.0,1880.0,1920.0,178.73477302259766,11.69207680671064
L26,2180.0,2000.0,2040.0,83.8605325387552,20.152282300215766
L26,2180.0,2040.0,2080.0,321.55342969785545,20.68287389880598
L26,2180.0,2080.0,2120.0,156.01610693924533,30.20531289988198
L26,2180.0,2120.0,2160.0,331.4281045194469,12.130947727630174
L26,2180.0,2200.0,2240.0,199.50722567750225,28.967812363583242
L26,2180.0,2240.0,2280.0,360.810749125773,17.489509457663804
L26,2180.0,2280.0,2320.0,208.3285755092409,8.54670235463821
L26,2260.0,2000.0,2040.0,62.516465796595774,10.093293628482842
L26,2260.0,2040.0,2080.0,268.9828325417166,7.72719567491871
L26,2260.0,2080.0,2120.0,102.06001985314936,19.43112369560116
L26,2260.0,2360.0,2400.0,3635.9473497542926,-28.121178537393643
L26,2260.0,1840.0,1920.0,146.46547375973557,6.893713004358599
L26,2340.0,2000.0,2040.0,45.03263354953575,8.800634920068365
L26,2340.0,2080.0,2120.0,75.84214110025216,15.40182219800932
L26,2340.0,1840.0,1920.0,127.35137073890353,5.540652360874739
L26,2420.0,2000.0,2040.0,28.059982363619444,10.516519120738458
L26,2420.0,2080.0,2120.0,54.10521056880383,11.783828310070003
L26,2420.0,2240.0,2280.0,519.2638306125008,-7.283847953118047
L26,2420.0,1000.0,1160.0,154.70585172907704,5.260524994345782
L26,2580.0,2000.0,2040.0,21.193557110683376,15.302388350352498
L26,2580.0,2240.0,2280.0,372.52545056511104,-7.411050852781465
L26,2580.0,2120.0,2200.0,52.75083008064684,7.040806153391541
L26,2580.0,2160.0,2240.0,108.10509489003788,5.1145683619263265
L26,2740.0,2000.0,2040.0,25.32450595523888,15.561040376253674
L26,2740.0,2360.0,2400.0,340.55717604159867,-10.301418524255245
L26,2740.0,2120.0,2200.0,54.78883849475306,8.253812889880324
L26,2740.0,2160.0,2240.0,109.0977607242578,6.360184062110796
L26,2740.0,2200.0,2280.0,326.2324875720424,-6.485216560701288
L26,2740.0,2240.0,2320.0,348.9873259566139,-9.834143699125374
L26,2900.0,0.0,40.0,575.6825435025797,-6.883680918982488
L26,2900.0,2000.0,2040.0,33.00852608192832,15.027154093349015
L26,2900.0,2360.0,2400.0,541.2510235392397,-13.770931826331154
L26,2900.0,0.0,80.0,456.2929710024312,-5.878831562817237
L26,2900.0,2200.0,2280.0,423.3558148286738,-7.5209331185260195
L26,2900.0,2240.0,2320.0,488.62846518106136,-11.994122106721804
L26,2900.0,2080.0,2240.0,106.35416201934088,5.892042280264718
L26,3010.0,0.0,40.0,637.4548683373189,-8.208800146753529
L26,3010.0,2000.0,2040.0,41.69636673795789,12.39018448963436
L26,3010.0,2360.0,2400.0,691.6391692823986,-16.63286015849518
L26,3010.0,0.0,80.0,507.48515948357016,-7.286859206984848
L26,3010.0,40.0,120.0,394.3030157141013,-5.159163927307873
L26,3010.0,2040.0,2120.0,235.9966757468951,-6.199606114632717
L26,3010.0,0.0,160.0,451.7989377390774,-5.873651232417046
L26,3010.0,40.0,200.0,404.6404171235533,-5.275924131670864
L26,3010.0,2080.0,2240.0,118.18240401212786,5.093803868152804
L26,3010.0,2120.0,2280.0,297.4782946776106,-6.03919150819487
L26,3010.0,2160.0,2320.0,380.7900892703475,-8.687954658728174
